{"initial_reset_timestamp": 1615536495.5454843, "timestamps": [1615536499.0519788], "episode_lengths": [200], "episode_rewards": [-200.0], "episode_types": ["e", "e"]}