{"initial_reset_timestamp": 1615514463.2532952, "timestamps": [1615514466.71458], "episode_lengths": [101], "episode_rewards": [101.0], "episode_types": ["e"]}